User,Handle,PostDate,TweetText,ReplyCount,RetweetCount,LikeCount
Storm Investor,@storminvestor,2018-11-13T08:45:12.000Z,"Storm Investor
@storminvestor
·
Nov 13, 2018Newmont Mining Corp $NEM Short Interest Update  http://thestockobserver.com/?p=1722995 #markets",,,
The Markets Daily,@TheMarketsDaily,2018-11-13T08:44:24.000Z,"The Markets Daily
@TheMarketsDaily
·
Nov 13, 2018Newmont Mining Corp $NEM Short Interest Update http://zpr.io/6i2Ye",,,
Community Financial,@CFinancialNews,2018-11-12T06:37:06.000Z,"Community Financial
@CFinancialNews
·
Nov 12, 2018Newmont Mining Corp $NEM Short Interest Update http://americanbankingnews.com/?p=8578592 #markets",,,
US Banking News,@AmericanBanking,2018-11-12T06:37:05.000Z,"US Banking News
@AmericanBanking
·
Nov 12, 2018Newmont Mining Corp $NEM Short Interest Update http://americanbankingnews.com/?p=8578592 #stocks",,,
WKRB News,@WKRBNews,2018-11-12T06:34:51.000Z,"WKRB News
@WKRBNews
·
Nov 12, 2018Newmont Mining Corp $NEM Short Interest Update http://wkrb13.com/?p=685536 #markets",,,
MidEast Times,@midetimes,2018-11-12T02:50:13.000Z,"MidEast Times
@midetimes
·
Nov 12, 2018Brokerages Anticipate Newmont Mining Corp $NEM to Post $0.28 Earnings Per Share http://dailypolitical.com/?p=2500687 #stocks",,,
Daily Political,@dailypoliticaln,2018-11-12T02:50:10.000Z,"Daily Political
@dailypoliticaln
·
Nov 12, 2018Brokerages Anticipate Newmont Mining Corp $NEM to Post $0.28 Earnings Per Share http://dailypolitical.com/?p=2500687",,,
Ticker Report,@TickerReport,2018-11-12T02:47:03.000Z,"Ticker Report
@TickerReport
·
Nov 12, 2018Brokerages Expect Newmont Mining Corp $NEM Will Announce Earnings of $0.28 Per Share http://tickerreport.com/?p=3931947",,,
Ticker Report,@TickerReport,2018-11-12T02:33:08.000Z,"Ticker Report
@TickerReport
·
Nov 12, 2018Newmont Mining Corp $NEM Expected to Post Quarterly Sales of $1.84 Billion http://tickerreport.com/?p=3931944",,,
MidEast Times,@midetimes,2018-11-12T02:31:36.000Z,"MidEast Times
@midetimes
·
Nov 12, 2018$1.84 Billion in Sales Expected for Newmont Mining Corp $NEM This Quarter http://dailypolitical.com/?p=2500685 #stocks",,,
Daily Political,@dailypoliticaln,2018-11-12T02:31:32.000Z,"Daily Political
@dailypoliticaln
·
Nov 12, 2018$1.84 Billion in Sales Expected for Newmont Mining Corp $NEM This Quarter http://dailypolitical.com/?p=2500685",,,
Enterprise Leader,@EnterpriseLeade,2018-11-12T01:36:49.000Z,"Enterprise Leader
@EnterpriseLeade
·
Nov 12, 2018Newmont Mining Corp $NEM Shares Sold by MERIAN GLOBAL INVESTORS UK Ltd  http://theenterpriseleader.com/?p=1522196",,,
Newmont Corporation,@NewmontCorp,2018-11-11T15:15:18.000Z,"Newmont Corporation
@NewmontCorp
·
Nov 11, 2018Newmont’s EVP and CTO shared his insights in 
@TheEconomist
  report on mining and digital transformation. Read more here: http://ow.ly/SIRD30mz3h3
1
1
4",1,1,4
Enterprise Leader,@EnterpriseLeade,2018-11-09T02:37:11.000Z,"Enterprise Leader
@EnterpriseLeade
·
Nov 9, 2018Scout Investments Inc. Has $22.10 Million Holdings in Newmont Mining Corp $NEM  http://theenterpriseleader.com/?p=1506187",,,
Newmont Corporation,@NewmontCorp,2018-11-08T18:28:50.000Z,"Newmont Corporation
@NewmontCorp
·
Nov 8, 2018We’re increasing the use of virtual reality for visualization in mine planning and stakeholder engagement. Read more in this article from International Mining.
im-mining.com
Newmont increasing use of VR for visualisation in mine planning and stakeholder engagement -...
Newmont’s Richard Inglis highlights the value of virtual reality. “Some like to think that virtual reality in mining is just a trend,” he says. “It’s not. Every day, it’s helping us make smarter...
1
5",,1,5
Watchlist News,@WatchlistN,2018-11-08T15:42:55.000Z,"Watchlist News
@WatchlistN
·
Nov 8, 2018Newmont Mining Corp $NEM Expected to Post Quarterly Sales of $1.84 Billion http://zpr.io/65dQS",,,
Community Financial,@CFinancialNews,2018-11-08T15:40:52.000Z,"Community Financial
@CFinancialNews
·
Nov 8, 2018$1.84 Billion in Sales Expected for Newmont Mining Corp $NEM This Quarter http://americanbankingnews.com/?p=8536350 #markets",,,
Bolsa y Capital,@Bolsa_y_Capital,2018-11-08T10:26:14.000Z,"Bolsa y Capital
@Bolsa_y_Capital
·
Nov 8, 2018¿Porqué pelearte con los pequeños, si puedes pelearte con los grandes?

1.- BHP Billiton
2.-Vale.
3.-Rio Tinto.
4.-Anglo American.
5.-Freeport-McMoRan Inc.
6.-Barrick Gold.
7.-Teck.
8.-Goldcorp.
9.-Newmont Mining Corp.
10.-Alcoa.",,,
Newmont Corporation,@NewmontCorp,2018-11-07T18:30:23.000Z,"Newmont Corporation
@NewmontCorp
·
Nov 7, 2018Newmont’s Nick Cotts & civil society leader Steve D’Esposito reflect on the value of connecting people who have different points of view. “I realized how powerful it is to stand in their shoes,” says Cotts. Tune in here: http://wrld.bg/BoUf30mva9Y #MiningWithPurpose 
@IFC_org
soundcloud.com
“I realized how powerful it is to stand in their shoes.”
Mining executive Nick Cotts and civil society leader Steve D’Esposito reflect on the importance of understanding one’s critics and the value of connection between people with differing points of view.
3
9",,3,9
Newmont Corporation,@NewmontCorp,2018-11-06T20:45:42.000Z,"Newmont Corporation
@NewmontCorp
·
Nov 6, 2018#MiningWithPurpose: Newmont is among 27 Colorado-based public companies with at least 20 percent women on their boards of directors. Read more in this 
@denbizjournal
 article: http://ow.ly/LAp330mwrT9
1
8",,1,8
MarketBeat,@MarketBeatCom,2018-11-06T10:18:59.000Z,"MarketBeat
@MarketBeatCom
·
Nov 6, 2018Analysts Expect Newmont Mining Corp $NEM to Post $0.27 Earnings Per Share http://zpr.io/6LDzZ",,,
Community Financial,@CFinancialNews,2018-11-06T10:17:14.000Z,"Community Financial
@CFinancialNews
·
Nov 6, 2018$0.27 EPS Expected for Newmont Mining Corp $NEM This Quarter http://americanbankingnews.com/?p=8504589 #markets",,,
US Banking News,@AmericanBanking,2018-11-06T10:17:13.000Z,"US Banking News
@AmericanBanking
·
Nov 6, 2018$0.27 EPS Expected for Newmont Mining Corp $NEM This Quarter http://americanbankingnews.com/?p=8504589 #stocks",,,
Newmont Corporation,@NewmontCorp,2018-11-05T15:14:30.000Z,"Newmont Corporation
@NewmontCorp
·
Nov 5, 2018#MiningWithPurpose: 
@Newmont_Ghana
 and 
@projectcure
 host public health screening for the community near our Akyem mine. http://ow.ly/5Kvt30mv9ZX
1
4",,1,4
MarketBeat,@MarketBeatCom,2018-11-05T13:16:48.000Z,"MarketBeat
@MarketBeatCom
·
Nov 5, 2018Gary J. Goldberg Sells 4,000 Shares of Newmont Mining Corp $NEM Stock http://zpr.io/6LXnN",,,
Rocketnews,@Rocketnews1,2018-11-05T13:15:47.000Z,"Rocketnews
@Rocketnews1
·
Nov 5, 2018Barrick in talks with Newmont to combine Nevada gold operations -sources | Barrick Gold Corp, which is being
formed by Barrick's $6.1 billion takeover of Randgold
Resources, is in talks with Newmont Mining... | https://rocketnews.com/2018/11/barrick-in-talks-with-newmont-to-combine-nevada-gold-operations-sources/…",,,
The Casual Smart,@The_CasualSmart,2018-11-04T18:38:34.000Z,"The Casual Smart
@The_CasualSmart
·
Nov 4, 2018Van Eck Associates Corp Has Cut Stake in Newmont Mining Corp $NEM as Stock Price Declined https://cardinalweekly.com/van-eck-associates-corp-has-cut-stake-in-newmont-mining-corp-nem-as-stock-price-declined/…",,,
REurope,@reurope_stock,2018-11-04T18:37:57.000Z,"REurope
@reurope_stock
·
Nov 4, 2018Newmont Mining Corp $NEM Shareholder Van Eck Associates Corp Cut Its Stake by $90.33 Million http://reurope.com/2018/11/04/newmont-mining-corp-nem-shareholder-van-eck-associates-corp-cut-its-stake-by-90-33-million/…",,,
Dakota Financial,@dakotafinancial,2018-11-04T15:30:24.000Z,"Dakota Financial
@dakotafinancial
·
Nov 4, 2018Elaine J. Dorward-King Sells 3,000 Shares of Newmont Mining Corp $NEM Stock http://dakotafinancialnews.com/?p=595924",,,
Newmont Corporation,@NewmontCorp,2018-11-04T14:40:08.000Z,"Newmont Corporation
@NewmontCorp
·
Nov 4, 2018#ICYMI: Employees from Newmont's operations in Nevada and Colorado pledge record high donations to support local communities. #MiningWithPrinciples.
nevadamining.org
Newmont Legacy Fund will contribute $2.8 Million to Support Local Communities in Colorado and...
Learn more about Newmont Legacy Fund will contribute $2.8 Million to Support Local Communities in Colorado and Nevada from the NVMA blog Mining News & More.
1
1",,1,1
MarketBeat,@MarketBeatCom,2018-11-04T12:52:36.000Z,"MarketBeat
@MarketBeatCom
·
Nov 4, 2018Newmont Mining Corp $NEM CFO Nancy Buese Sells 2,000 Shares http://zpr.io/6LqQf",,,
Ticker Report,@TickerReport,2018-11-04T12:37:03.000Z,"Ticker Report
@TickerReport
·
Nov 4, 2018Newmont Mining Corp $NEM Insider Thomas Ronald Palmer Sells 1,250 Shares http://tickerreport.com/?p=3908741",,,
Watchlist News,@WatchlistN,2018-11-04T12:35:24.000Z,"Watchlist News
@WatchlistN
·
Nov 4, 2018Thomas Ronald Palmer Sells 1,250 Shares of Newmont Mining Corp $NEM Stock http://zpr.io/6Lq4Z",,,
MidEast Times,@midetimes,2018-11-04T12:22:17.000Z,"MidEast Times
@midetimes
·
Nov 4, 2018Gary J. Goldberg Sells 4,000 Shares of Newmont Mining Corp $NEM Stock http://dailypolitical.com/?p=2477303 #stocks",,,
Daily Political,@dailypoliticaln,2018-11-04T12:22:15.000Z,"Daily Political
@dailypoliticaln
·
Nov 4, 2018Gary J. Goldberg Sells 4,000 Shares of Newmont Mining Corp $NEM Stock http://dailypolitical.com/?p=2477303",,,
MarketBeat,@MarketBeatCom,2018-11-03T16:06:38.000Z,"MarketBeat
@MarketBeatCom
·
Nov 3, 2018Newmont Mining Corp $NEM Insider Thomas Ronald Palmer Sells 1,250 Shares http://zpr.io/6Lgnq",,,
Enterprise Leader,@EnterpriseLeade,2018-11-03T15:55:59.000Z,"Enterprise Leader
@EnterpriseLeade
·
Nov 3, 2018Newmont Mining Corp $NEM CFO Nancy Buese Sells 2,000 Shares of Stock  http://theenterpriseleader.com/?p=1600161",,,
The Markets Daily,@TheMarketsDaily,2018-11-03T15:50:02.000Z,"The Markets Daily
@TheMarketsDaily
·
Nov 3, 2018Newmont Mining Corp $NEM CEO Gary J. Goldberg Sells 4,000 Shares of Stock http://zpr.io/6L6vm",,,
MidEast Times,@midetimes,2018-11-03T15:47:31.000Z,"MidEast Times
@midetimes
·
Nov 3, 2018Newmont Mining Corp $NEM EVP Elaine J. Dorward-King Sells 3,000 Shares of Stock http://dailypolitical.com/?p=2475002 #stocks",,,
Daily Political,@dailypoliticaln,2018-11-03T15:47:30.000Z,"Daily Political
@dailypoliticaln
·
Nov 3, 2018Newmont Mining Corp $NEM EVP Elaine J. Dorward-King Sells 3,000 Shares of Stock http://dailypolitical.com/?p=2475002",,,
Storm Investor,@storminvestor,2018-11-03T15:46:49.000Z,"Storm Investor
@storminvestor
·
Nov 3, 2018Insider Selling: Newmont Mining Corp $NEM CEO Sells 4,000 Shares of Stock  http://thestockobserver.com/?p=1693596 #markets",,,
Newmont Corporation,@NewmontCorp,2018-11-03T13:40:09.000Z,"Newmont Corporation
@NewmontCorp
·
Nov 3, 2018#DidYouKnow: The technology sector has accounted for more than 380 tonnes of gold demand annually. Read more in the 
@GOLDCOUNCIL
’s Gold Investor.
6
10",,6,10
Takom Exploration,@takomexplore,2018-11-03T00:38:13.000Z,"Takom Exploration
@takomexplore
·
Nov 3, 2018Romios Gold Resources, with Crystal Lake Mining Corp, completes RC drill program at the Newmont Lake Au-Ag-Cu Project, NW BC #mining #BritishColumbia
http://romios.com/press-releases/romios-reports-on-drilling-on-the-newmont-lake-project-in-the-golden-triangle-of-bc/…",,,
Community Financial,@CFinancialNews,2018-11-03T00:23:53.000Z,"Community Financial
@CFinancialNews
·
Nov 3, 2018Newmont Mining Corp $NEM Insider Sells $39,387.50 in Stock http://americanbankingnews.com/?p=8469336 #markets",,,
US Banking News,@AmericanBanking,2018-11-03T00:23:51.000Z,"US Banking News
@AmericanBanking
·
Nov 3, 2018Newmont Mining Corp $NEM Insider Sells $39,387.50 in Stock http://americanbankingnews.com/?p=8469336 #stocks",,,
Community Financial,@CFinancialNews,2018-11-03T00:13:55.000Z,"Community Financial
@CFinancialNews
·
Nov 3, 2018Insider Selling: Newmont Mining Corp $NEM CEO Sells 4,000 Shares of Stock http://americanbankingnews.com/?p=8469155 #markets",,,
US Banking News,@AmericanBanking,2018-11-03T00:13:54.000Z,"US Banking News
@AmericanBanking
·
Nov 3, 2018Insider Selling: Newmont Mining Corp $NEM CEO Sells 4,000 Shares of Stock http://americanbankingnews.com/?p=8469155 #stocks",,,
The Markets Daily,@TheMarketsDaily,2018-11-03T00:11:49.000Z,"The Markets Daily
@TheMarketsDaily
·
Nov 3, 2018Newmont Mining Corp $NEM CFO Nancy Buese Sells 2,000 Shares http://zpr.io/6kBQC",,,
Watchlist News,@WatchlistN,2018-11-03T00:10:26.000Z,"Watchlist News
@WatchlistN
·
Nov 3, 2018Insider Selling: Newmont Mining Corp $NEM CEO Sells 4,000 Shares of Stock http://zpr.io/6kBW4",,,
Community Financial,@CFinancialNews,2018-11-03T00:09:28.000Z,"Community Financial
@CFinancialNews
·
Nov 3, 2018Newmont Mining Corp $NEM CFO Sells $63,020.00 in Stock http://americanbankingnews.com/?p=8469066 #markets",,,
US Banking News,@AmericanBanking,2018-11-03T00:09:26.000Z,"US Banking News
@AmericanBanking
·
Nov 3, 2018Newmont Mining Corp $NEM CFO Sells $63,020.00 in Stock http://americanbankingnews.com/?p=8469066 #stocks",,,
Community Financial,@CFinancialNews,2018-11-03T00:09:25.000Z,"Community Financial
@CFinancialNews
·
Nov 3, 2018Insider Selling: Newmont Mining Corp $NEM EVP Sells 3,000 Shares of Stock http://americanbankingnews.com/?p=8469068 #markets",,,
US Banking News,@AmericanBanking,2018-11-03T00:09:24.000Z,"US Banking News
@AmericanBanking
·
Nov 3, 2018Insider Selling: Newmont Mining Corp $NEM EVP Sells 3,000 Shares of Stock http://americanbankingnews.com/?p=8469068 #stocks",,,
Newsfile,@newsfile_corp,2018-11-02T18:44:28.000Z,"Newsfile
@newsfile_corp
·
Nov 2, 2018Romios Reports on Drilling on the Newmont Lake Project in the Golden Triangle of BC

Full Story: http://bit.ly/2CX9h76

$RMIOF $RG.CA #TSXV #SmallCaps #Mining #Gold #PreciousMetals #MiningStocks #DrillResults #Metals #Investing",,,
Newmont Corporation,@NewmontCorp,2018-11-02T15:33:51.000Z,"Newmont Corporation
@NewmontCorp
·
Nov 2, 2018Newmont's integration of technology not only optimize operational efficiency at our mines, it also supports our journey to create a culture of zero harm. #MiningWithPurpose
6
14",,6,14
Enterprise Leader,@EnterpriseLeade,2018-11-02T06:04:57.000Z,"Enterprise Leader
@EnterpriseLeade
·
Nov 2, 2018Newmont Mining Corp $NEM Stake Lowered by Scout Investments Inc.  http://theenterpriseleader.com/?p=1506187",,,
Newmont Corporation,@NewmontCorp,2018-11-01T16:26:10.000Z,"Newmont Corporation
@NewmontCorp
·
Nov 1, 2018We're investing in technologies and innovations that keep people safe #MiningWithPurpose http://ow.ly/1jNO30msETF
1",,,1
MarketBeat,@MarketBeatCom,2018-11-01T07:04:45.000Z,"MarketBeat
@MarketBeatCom
·
Nov 1, 2018Hussman Strategic Advisors Inc. Increases Stake in Newmont Mining Corp $NEM https://ift.tt/2Szl2WI",,,
Newmont Corporation,@NewmontCorp,2018-10-31T19:03:35.000Z,"Newmont Corporation
@NewmontCorp
·
Oct 31, 2018$NEM CEO Gary Goldberg joined a panel discussion at #IMARC2018 yesterday to share insights on business growth opportunities with sustainable practices across the industry. #MiningWithPrinciples
Energy, Resources & Industrials
@DeloitteER
·
Oct 30, 2018
CEO Panel discussion @IMARC_Mining with Gary Goldberg @Newmont, Geoffrey Gao MMG, Graham Kerr @South_32 , Sandeep Biswas @NewcrestMining #IMARC
7
14",,7,14
Watchlist News,@WatchlistN,2018-10-30T06:14:04.000Z,"Watchlist News
@WatchlistN
·
Oct 30, 2018FY2018 EPS Estimates for Newmont Mining Corp $NEM Reduced by Analyst http://zpr.io/6k6gs",,,
Ticker Report,@TickerReport,2018-10-30T06:13:38.000Z,"Ticker Report
@TickerReport
·
Oct 30, 2018FY2018 EPS Estimates for Newmont Mining Corp $NEM Reduced by Analyst http://tickerreport.com/?p=3892474",,,
High Grade,@EconomicAlpha,2018-10-30T00:42:30.000Z,"High Grade
@EconomicAlpha
·
Oct 30, 2018Replying to 
@DebraG_Robins
GDX has its own FAANG. Franco Nevada, AngloGold Ashanti, Agnico Eagle, Newmont, Gold Corp. 
1
3
12",1,3,12
Newmont Corporation,@NewmontCorp,2018-10-29T13:41:38.000Z,"Newmont Corporation
@NewmontCorp
·
Oct 29, 2018#MiningWithPurpose: Elko Land & Livestock Co. celebrates 40 years of renewable land management this year. Read more about its important environmental work here: http://ow.ly/a1iN30mpBFI
1
2",,1,2
WKRB News,@WKRBNews,2018-10-29T05:57:01.000Z,"WKRB News
@WKRBNews
·
Oct 29, 2018Brokers Issue Forecasts for Newmont Mining Corp’s FY2018 Earnings $NEM http://wkrb13.com/?p=642574 #markets",,,
Community Financial,@CFinancialNews,2018-10-29T05:55:59.000Z,"Community Financial
@CFinancialNews
·
Oct 29, 2018Brokers Issue Forecasts for Newmont Mining Corp’s FY2018 Earnings $NEM http://americanbankingnews.com/?p=8402467 #markets",,,
US Banking News,@AmericanBanking,2018-10-29T05:55:57.000Z,"US Banking News
@AmericanBanking
·
Oct 29, 2018Brokers Issue Forecasts for Newmont Mining Corp’s FY2018 Earnings $NEM http://americanbankingnews.com/?p=8402467 #stocks",,,
MarketBeat,@MarketBeatCom,2018-10-29T01:15:56.000Z,"MarketBeat
@MarketBeatCom
·
Oct 29, 2018Newmont Mining Corp $NEM Receives $40.75 Consensus Price Target from Analysts http://zpr.io/625tm",,,
Newmont Corporation,@NewmontCorp,2018-10-28T14:45:10.000Z,"Newmont Corporation
@NewmontCorp
·
Oct 28, 2018#MiningWithPrinciples: $NEM has ranked Metals and Mining sector leader on the #DJSI for four years in a row. Learn more here: http://ow.ly/xOcu30mnX1s
5",,,5
Money Making Articles Hot Stuff,@mmahotstuff1,2018-10-28T11:12:44.000Z,"Money Making Articles Hot Stuff
@mmahotstuff1
·
Oct 28, 2018Newmont Mining Corp $NEM Shareholder Van Eck Associates Corp Has Decreased Holding by $90.33 Million - https://mmahotstuff.com/2018/10/28/newmont-mining-corp-nem-shareholder-van-eck-associates-corp-has-decreased-holding-by-90-33-million.html…",,,
WhatsOnThorold,@whatsonthorold2,2018-10-28T11:12:17.000Z,"WhatsOnThorold
@whatsonthorold2
·
Oct 28, 2018As Newmont Mining Corp $NEM Market Valuation Declined, Van Eck Associates Corp Has Cut Position by $90.33 Million - https://whatsonthorold.com/2018/10/28/as-newmont-mining-corp-nem-market-valuation-declined-van-eck-associates-corp-has-cut-position-by-90-33-million/…",,,
The Casual Smart,@The_CasualSmart,2018-10-28T11:11:58.000Z,"The Casual Smart
@The_CasualSmart
·
Oct 28, 2018As Newmont Mining Corp $NEM Stock Declined, Shareholder Van Eck Associates Corp Has Cut by $90.33 Million Its Holding https://cardinalweekly.com/as-newmont-mining-corp-nem-stock-declined-shareholder-van-eck-associates-corp-has-cut-by-90-33-million-its-holding/…",,,
REurope,@reurope_stock,2018-10-28T11:11:25.000Z,"REurope
@reurope_stock
·
Oct 28, 2018Newmont Mining Corp $NEM Shares Declined While Van Eck Associates Corp Trimmed by $90.33 Million Its Stake http://reurope.com/2018/10/28/newmont-mining-corp-nem-shares-declined-while-van-eck-associates-corp-trimmed-by-90-33-million-its-stake/…",,,
Enterprise Leader,@EnterpriseLeade,2018-10-27T23:25:39.000Z,"Enterprise Leader
@EnterpriseLeade
·
Oct 28, 2018Gary J. Goldberg Sells 4,000 Shares of Newmont Mining Corp $NEM Stock  http://theenterpriseleader.com/?p=1448778",,,
WhatsOnThorold,@whatsonthorold2,2018-10-27T17:51:29.000Z,"WhatsOnThorold
@whatsonthorold2
·
Oct 27, 2018Newmont Mining Corp $NEM Holder Carmignac Gestion Lowered Holding by $11.22 Million as Shares Declined - https://whatsonthorold.com/2018/10/27/newmont-mining-corp-nem-holder-carmignac-gestion-lowered-holding-by-11-22-million-as-shares-declined/…",,,
Newmont Corporation,@NewmontCorp,2018-10-27T13:35:08.000Z,"Newmont Corporation
@NewmontCorp
·
Oct 27, 2018Newmont’s ability to mine depends on robust ecosystems and healthy natural resources, which is why we put biodiversity management at the forefront of our planning. #MiningWithPrinciples http://ow.ly/nmol30mnWLx
1
6",,1,6
Jim Rankin,@JimRankinSDSMT,2018-10-25T15:53:43.000Z,"Jim Rankin
@JimRankinSDSMT
·
Oct 25, 2018Thank you to the Newmont Mining Corp for the VR tour of their operations.  #SDMines
2
8",,2,8
Newmont Corporation,@NewmontCorp,2018-10-25T13:35:56.000Z,"Newmont Corporation
@NewmontCorp
·
Oct 25, 2018#ICYMI: $NEM's 2018 Q3 earnings webcast begins at 10 AM ET. Registration is available here: http://ow.ly/CkDN30mn0vy
1
2",,1,2
Rocketnews,@Rocketnews1,2018-10-25T13:15:25.000Z,"Rocketnews
@Rocketnews1
·
Oct 25, 2018UPDATE 2-Newmont profit dips alongside gold, copper prices | Colorado-based Newmont Mining
Corp reported lower third-quarter profit and revenue on
Thursday, as a drop in bullion and copper prices... | https://rocketnews.com/2018/10/update-2-newmont-profit-dips-alongside-gold-copper-prices/…",,,
The Markets Daily,@TheMarketsDaily,2018-10-25T12:22:08.000Z,"The Markets Daily
@TheMarketsDaily
·
Oct 25, 2018Newmont Mining Corp $NEM Declares Quarterly Dividend of $0.14 http://zpr.io/6rQxz",,,
Transcript Daily,@TranscriptDaily,2018-10-24T16:47:21.000Z,"Transcript Daily
@TranscriptDaily
·
Oct 24, 2018Analysts Set Newmont Mining Corp $NEM PT at $40.75 http://zpr.io/6r5Ps",,,
Newmont Corporation,@NewmontCorp,2018-10-24T14:37:37.000Z,"Newmont Corporation
@NewmontCorp
·
Oct 24, 2018We return to our series on biodiversity with a look at the restoration and rehabilitation work in progress across Newmont.  http://ow.ly/1a0a30mmaIt
#MiningWithPrinciples
3",,,3
MarketBeat,@MarketBeatCom,2018-10-24T13:21:07.000Z,"MarketBeat
@MarketBeatCom
·
Oct 24, 2018Newmont Mining Corp $NEM to Issue Quarterly Dividend of $0.14 http://zpr.io/6rrVD",,,
Newmont Corporation,@NewmontCorp,2018-10-23T20:30:31.000Z,"Newmont Corporation
@NewmontCorp
·
Oct 23, 2018#MiningWithPrinciples: Newmont's closure plans are in place at the onset of construction and operation. https://lifecycle.newmont.com
11
29",,11,29
Money Making Articles Hot Stuff,@mmahotstuff1,2018-10-23T10:12:50.000Z,"Money Making Articles Hot Stuff
@mmahotstuff1
·
Oct 23, 2018As Newmont Mining Corp $NEM Shares Declined, Holder Van Eck Associates Corp Lowered by $90.33 Million Its Stake - https://mmahotstuff.com/2018/10/23/as-newmont-mining-corp-nem-shares-declined-holder-van-eck-associates-corp-lowered-by-90-33-million-its-stake.html…",,,
WhatsOnThorold,@whatsonthorold2,2018-10-23T10:12:25.000Z,"WhatsOnThorold
@whatsonthorold2
·
Oct 23, 2018Newmont Mining Corp $NEM Shareholder Van Eck Associates Corp Has Cut Stake by $90.33 Million as Market Valuation Declined - https://whatsonthorold.com/2018/10/23/newmont-mining-corp-nem-shareholder-van-eck-associates-corp-has-cut-stake-by-90-33-million-as-market-valuation-declined/…",,,
REurope,@reurope_stock,2018-10-22T18:14:29.000Z,"REurope
@reurope_stock
·
Oct 22, 2018As Newmont Mining Corp $NEM Stock Value Declined, Holder Carmignac Gestion Has Lowered by $11.22 Million Its Holding ...",,,
Newmont Corporation,@NewmontCorp,2018-10-22T16:59:01.000Z,"Newmont Corporation
@NewmontCorp
·
Oct 22, 2018$NEM: Just over 2 years into commercial production, 
@NewmontSuriname
 has reached its 1 one-million ounce production milestone. http://ow.ly/inIB30mkuf4
1",,,1
Money Making Articles Hot Stuff,@mmahotstuff1,2018-10-21T14:24:40.000Z,"Money Making Articles Hot Stuff
@mmahotstuff1
·
Oct 21, 2018Newmont Mining Corp $NEM Stock Sentiment  Improves - https://mmahotstuff.com/2018/10/21/newmont-mining-corp-nysenem-stock-sentiment-improves.html…",,,
The Casual Smart,@The_CasualSmart,2018-10-21T14:24:08.000Z,"The Casual Smart
@The_CasualSmart
·
Oct 21, 2018Newmont Mining Corp $NEM Institutional Investors Sentiment Index  Improved in  2018 Q2 https://cardinalweekly.com/newmont-mining-corp-nysenem-institutional-investors-sentiment-index-improved-in-2018-q2/…",,,
REurope,@reurope_stock,2018-10-21T14:23:28.000Z,"REurope
@reurope_stock
·
Oct 21, 2018Newmont Mining Corp $NEM Stock Price Up as Sentiment  Improves http://reurope.com/2018/10/21/newmont-mining-corp-nysenem-stock-price-up-as-sentiment-improves/…",,,
Newmont Corporation,@NewmontCorp,2018-10-21T14:00:36.000Z,"Newmont Corporation
@NewmontCorp
·
Oct 21, 2018Mining and metals companies have a responsibility to care for the planet. That’s why we’re committed to 
@ICMM_com
 #MiningWithPrinciples to adopt sustainable land management practices. http://ow.ly/z3KG30miCdE
3
11",,3,11
Newmont Corporation,@NewmontCorp,2018-10-20T13:35:07.000Z,"Newmont Corporation
@NewmontCorp
·
Oct 20, 2018See #MiningWithPrinciples in action on the Our Voice blog, where we share stories of how we’re managing biodiversity. http://ow.ly/BJW230miBVI
2
2",,2,2
Watchlist News,@WatchlistN,2018-10-19T23:45:01.000Z,"Watchlist News
@WatchlistN
·
Oct 20, 2018$1.80 Billion in Sales Expected for Newmont Mining Corp $NEM This Quarter http://zpr.io/6SLzj",,,
Newmont Corporation,@NewmontCorp,2018-10-15T14:08:51.000Z,"Newmont Corporation
@NewmontCorp
·
Oct 15, 2018In 2017, 
@MineraYanacocha
 implemented a rescue and relocation program for the Paramo Andes frog, a critically endangered species. #MiningWithPrinciples
1
10
14",1,10,14
StocksPredictor,@StocksPredictr,2018-10-15T09:22:04.000Z,"StocksPredictor
@StocksPredictr
·
Oct 15, 2018Newmont Mining Corp (NYSE:NEM) to Issue Quarterly Dividend of $0.14 https://stocknewstimes.com/2018/03/14/newmont-mining-corp-nem-plans-dividend-increase-0-14-per-share.html… $COL #stocks #stockmarket",,,
Newmont Corporation,@NewmontCorp,2018-10-14T13:15:14.000Z,"Newmont Corporation
@NewmontCorp
·
Oct 14, 2018Our work with Conservation Alliance in Ghana continues with the implementation of a critical species management program. #MiningWithPrinciples  http://ow.ly/zKR030mdzkN
4
7",,4,7
Community Financial,@CFinancialNews,2018-10-14T08:04:10.000Z,"Community Financial
@CFinancialNews
·
Oct 14, 2018Brokerages Expect Newmont Mining Corp $NEM Will Post Quarterly Sales of $1.80 Billion http://americanbankingnews.com/?p=8254356 #markets",,,
US Banking News,@AmericanBanking,2018-10-14T08:04:09.000Z,"US Banking News
@AmericanBanking
·
Oct 14, 2018Brokerages Expect Newmont Mining Corp $NEM Will Post Quarterly Sales of $1.80 Billion http://americanbankingnews.com/?p=8254356 #stocks",,,
Transcript Daily,@TranscriptDaily,2018-10-14T08:04:00.000Z,"Transcript Daily
@TranscriptDaily
·
Oct 14, 2018Brokerages Expect Newmont Mining Corp $NEM Will Post Quarterly Sales of $1.80 Billion http://zpr.io/6CjTY",,,
Enterprise Leader,@EnterpriseLeade,2018-10-14T01:24:36.000Z,"Enterprise Leader
@EnterpriseLeade
·
Oct 14, 2018California Public Employees Retirement System Buys 208,625 Shares of Newmont Mining Corp $NEM  http://theenterpriseleader.com/?p=1380065",,,
Newmont Corporation,@NewmontCorp,2018-10-13T13:01:15.000Z,"Newmont Corporation
@NewmontCorp
·
Oct 13, 2018#MiningWithPrinciples means contributing to the conservation of biodiversity and taking integrated approaches to land-use planning.
3
5",,3,5
The Markets Daily,@TheMarketsDaily,2018-10-13T05:35:06.000Z,"The Markets Daily
@TheMarketsDaily
·
Oct 13, 2018Newmont Mining Corp Forecasted to Post FY2018 Earnings of $1.36 Per Share $NEM http://zpr.io/6C6jT",,,
Community Financial,@CFinancialNews,2018-10-12T20:51:00.000Z,"Community Financial
@CFinancialNews
·
Oct 12, 2018Brokerages Anticipate Newmont Mining Corp $NEM to Post $0.22 Earnings Per Share http://americanbankingnews.com/?p=8246297 #markets",,,
US Banking News,@AmericanBanking,2018-10-12T20:50:59.000Z,"US Banking News
@AmericanBanking
·
Oct 12, 2018Brokerages Anticipate Newmont Mining Corp $NEM to Post $0.22 Earnings Per Share http://americanbankingnews.com/?p=8246297 #stocks",,,
Ticker Report,@TickerReport,2018-10-12T20:49:14.000Z,"Ticker Report
@TickerReport
·
Oct 12, 2018Brokerages Anticipate Newmont Mining Corp $NEM to Post $0.22 Earnings Per Share http://tickerreport.com/?p=3852311",,,
Newmont Corporation,@NewmontCorp,2018-10-12T19:02:10.000Z,"Newmont Corporation
@NewmontCorp
·
Oct 12, 2018Here’s a look back at some of the ways Newmont’s employees helped create value and improve lives by #MiningWithPurpose in September. 
@Newmont_Ghana
 
@NewmontAu
 
@NewmontSuriname
8
7
10",8,7,10
Newmont Corporation,@NewmontCorp,2018-10-12T13:30:34.000Z,"Newmont Corporation
@NewmontCorp
·
Oct 12, 2018RT 
@BioDiverseNet
 ""#Newmont is one of the world’s leading gold and copper producers with operations in Africa, Australia, North and South America. The Company has a stated goal of no net loss of #keybiodiversityvalues (KBVs) in its areas of influence. …""
csrwire.com
[node:Title]
1
1",,1,1
Newmont Corporation,@NewmontCorp,2018-10-11T13:13:45.000Z,"Newmont Corporation
@NewmontCorp
·
Oct 11, 2018We’re kicking off our series on biodiversity by sharing how key biodiversity values inform our approach across our sites. #MiningWithPrinciples http://ow.ly/W54B30mbV07
1
2",,1,2
Community Financial,@CFinancialNews,2018-10-11T10:08:55.000Z,"Community Financial
@CFinancialNews
·
Oct 11, 2018FY2018 EPS Estimates for Newmont Mining Corp Lowered by Jefferies Financial Group $NEM http://americanbankingnews.com/?p=8231753 #markets",,,
US Banking News,@AmericanBanking,2018-10-11T10:08:53.000Z,"US Banking News
@AmericanBanking
·
Oct 11, 2018FY2018 EPS Estimates for Newmont Mining Corp Lowered by Jefferies Financial Group $NEM http://americanbankingnews.com/?p=8231753 #stocks",,,
Storm Investor,@storminvestor,2018-10-11T10:06:37.000Z,"Storm Investor
@storminvestor
·
Oct 11, 2018FY2018 EPS Estimates for Newmont Mining Corp Lowered by Jefferies Financial Group $NEM  http://thestockobserver.com/?p=1633987 #markets",,,
Transcript Daily,@TranscriptDaily,2018-10-11T10:06:16.000Z,"Transcript Daily
@TranscriptDaily
·
Oct 11, 2018FY2018 EPS Estimates for Newmont Mining Corp Lowered by Jefferies Financial Group $NEM http://zpr.io/6F9sN",,,
The Lincolnian,@ThisLincolnian,2018-10-11T07:35:24.000Z,"The Lincolnian
@ThisLincolnian
·
Oct 11, 2018Jefferies Financial Group Research Analysts Lower Earnings Estimates for Newmont Mining Corp $NEM http://thelincolnianonline.com/?p=2394929",,,
BOD Valores,@BODValores,2018-10-10T22:53:54.000Z,"BOD Valores
@BODValores
·
Oct 11, 2018#Gainers
Perrigo Company PLC+1.94%
Dollar Tree Inc+1.65%
J M Smucker Co+1.54%
General Mills Inc+1.50%
Newmont Mining Corp+1.49%
vía #CNNMoney",,,
Newmont Corporation,@NewmontCorp,2018-10-10T19:00:53.000Z,"Newmont Corporation
@NewmontCorp
·
Oct 10, 2018In support of #WorldMentalHealthDay, we're raising awareness to remove the stigma surrounding mental health issues. You too can make a positive difference and #FightTheStigma by having mental health conversations with colleagues, family and friends.
7
8",,7,8
Enterprise Leader,@EnterpriseLeade,2018-10-10T17:01:44.000Z,"Enterprise Leader
@EnterpriseLeade
·
Oct 10, 2018Newmont Mining Corp $NEM Expected to Announce Quarterly Sales of $1.84 Billion  http://theenterpriseleader.com/?p=1361168",,,
Enterprise Leader,@EnterpriseLeade,2018-10-10T16:17:24.000Z,"Enterprise Leader
@EnterpriseLeade
·
Oct 10, 2018Newmont Mining Corp $NEM Expected to Announce Earnings of $0.29 Per Share  http://theenterpriseleader.com/?p=1401461",,,
Newmont Corporation,@NewmontCorp,2018-10-10T13:47:06.000Z,"Newmont Corporation
@NewmontCorp
·
Oct 10, 2018#MiningWithPrinciples: Today we're announcing a three-year partnership with 
@IUCN
 to advance knowledge sharing and best practices in biodiversity management. More information about this important agreement can be found here: http://ow.ly/Ac4s30maUCP
1
4",,1,4
Newmont Corporation,@NewmontCorp,2018-10-10T12:55:13.000Z,"Newmont Corporation
@NewmontCorp
·
Oct 10, 2018RT 
@nevadamining
 ""Two 
@Newmont
 Nevada operations received 
@NationalMining
's Sentinels of Safety awards! #NVmininghttps://www.nnbusinessview.com/news/newmont-mines-recognized-for-outstanding-safety-performance/# …""
1
4",,1,4
Ticker Report,@TickerReport,2018-10-10T12:47:57.000Z,"Ticker Report
@TickerReport
·
Oct 10, 2018Brokers Issue Forecasts for Newmont Mining Corp’s FY2020 Earnings $NEM http://tickerreport.com/?p=3846536",,,
Community Financial,@CFinancialNews,2018-10-10T12:45:01.000Z,"Community Financial
@CFinancialNews
·
Oct 10, 2018Brokers Issue Forecasts for Newmont Mining Corp’s FY2020 Earnings $NEM http://americanbankingnews.com/?p=8222702 #markets",,,
US Banking News,@AmericanBanking,2018-10-10T12:44:59.000Z,"US Banking News
@AmericanBanking
·
Oct 10, 2018Brokers Issue Forecasts for Newmont Mining Corp’s FY2020 Earnings $NEM http://americanbankingnews.com/?p=8222702 #stocks",,,
Newmont Corporation,@NewmontCorp,2018-10-09T15:29:02.000Z,"Newmont Corporation
@NewmontCorp
·
Oct 9, 2018Water is vital to healthy biodiversity. That's why we're working with industry peers and partners to advance our use of water. #MiningWithPrinciples. http://ow.ly/67Gp30ma2hE
1
3",,1,3
Newmont Corporation,@NewmontCorp,2018-10-09T13:21:52.000Z,"Newmont Corporation
@NewmontCorp
·
Oct 9, 2018Since 2008, 
@NADeFGhana
 has helped drive sustainable development in the host communities near our Ahafo mine. Read more about the foundations impacts in this news story from Ghana:
businessghana.com
NADeF looks forwards to a better Newmont Ahafo Mine’s support
Newmont Ghana’s Ahafo mine has since 2008 contributed over GHC60million to drive sustainable development within...
3",,,3
Newmont Corporation,@NewmontCorp,2018-10-08T14:10:21.000Z,"Newmont Corporation
@NewmontCorp
·
Oct 8, 2018#MiningWithPrinciples: National and global biodiversity datasets provided by the Integrated Biodiversity Assessment Tool help us manage risks and opportunities for sustainable conservation outcomes. http://ow.ly/h81230m5csq
3
7",,3,7
Newmont Corporation,@NewmontCorp,2018-10-07T15:50:16.000Z,"Newmont Corporation
@NewmontCorp
·
Oct 7, 2018As members of 
@ICMM_com
, we are committed to the organization’s position statement on mining in protected areas. #MiningWithPrinciples http://ow.ly/qpBC30m5ceW
9",,,9
Newmont Corporation,@NewmontCorp,2018-10-06T13:45:14.000Z,"Newmont Corporation
@NewmontCorp
·
Oct 6, 2018In the wake of the Idarado Mine’s closing in 1978, Newmont has made innovative strides in tailings revegetation and mine remediation. #MiningWithPrinciples http://ow.ly/lmYs30m5bYG
4
5",,4,5
Ticker Report,@TickerReport,2018-10-06T12:41:42.000Z,"Ticker Report
@TickerReport
·
Oct 6, 2018Insider Selling: Newmont Mining Corp $NEM CFO Sells $60,400.00 in Stock http://tickerreport.com/?p=3839911",,,
MidEast Times,@midetimes,2018-10-06T12:40:50.000Z,"MidEast Times
@midetimes
·
Oct 6, 2018Insider Selling: Newmont Mining Corp $NEM CFO Sells 2,000 Shares of Stock http://dailypolitical.com/?p=2407433 #stocks",,,
Daily Political,@dailypoliticaln,2018-10-06T12:40:48.000Z,"Daily Political
@dailypoliticaln
·
Oct 6, 2018Insider Selling: Newmont Mining Corp $NEM CFO Sells 2,000 Shares of Stock http://dailypolitical.com/?p=2407433",,,
The Markets Daily,@TheMarketsDaily,2018-10-06T12:25:03.000Z,"The Markets Daily
@TheMarketsDaily
·
Oct 6, 2018Insider Selling: Newmont Mining Corp $NEM Insider Sells 4,000 Shares of Stock http://zpr.io/63Td6",,,
Transcript Daily,@TranscriptDaily,2018-10-04T15:31:54.000Z,"Transcript Daily
@TranscriptDaily
·
Oct 4, 2018Newmont Mining Corp $NEM Insider Gary J. Goldberg Sells 4,000 Shares http://zpr.io/6w4Eh",,,
Newmont Corporation,@NewmontCorp,2018-10-04T13:01:07.000Z,"Newmont Corporation
@NewmontCorp
·
Oct 4, 2018RT 
@NACD
 ""From the #NACDNXT Large Cap category, 
@NACD
 and 
@DeloitteUS
 congratulate 
@Newmont
 for their values and achievement of a wide-ranging diversity and inclusion program. #NACDSummitpic.twitter.com/x0fiAqBX91""
4",,,4
Enterprise Leader,@EnterpriseLeade,2018-10-04T06:57:16.000Z,"Enterprise Leader
@EnterpriseLeade
·
Oct 4, 2018Newmont Mining Corp $NEM Holdings Lifted by Putnam Investments LLC  http://theenterpriseleader.com/?p=1368512",,,
Enterprise Leader,@EnterpriseLeade,2018-10-04T01:15:06.000Z,"Enterprise Leader
@EnterpriseLeade
·
Oct 4, 2018Caisse DE Depot ET Placement DU Quebec Trims Holdings in Newmont Mining Corp $NEM  http://theenterpriseleader.com/?p=1323456",,,
Community Financial,@CFinancialNews,2018-10-04T00:32:29.000Z,"Community Financial
@CFinancialNews
·
Oct 4, 2018Thomas Ronald Palmer Sells 1,250 Shares of Newmont Mining Corp $NEM Stock http://americanbankingnews.com/?p=8176221 #markets",,,
US Banking News,@AmericanBanking,2018-10-04T00:32:27.000Z,"US Banking News
@AmericanBanking
·
Oct 4, 2018Thomas Ronald Palmer Sells 1,250 Shares of Newmont Mining Corp $NEM Stock http://americanbankingnews.com/?p=8176221 #stocks",,,
MidEast Times,@midetimes,2018-10-04T00:32:00.000Z,"MidEast Times
@midetimes
·
Oct 4, 2018Insider Selling: Newmont Mining Corp $NEM COO Sells 1,250 Shares of Stock http://dailypolitical.com/?p=2401897 #stocks",,,
Daily Political,@dailypoliticaln,2018-10-04T00:31:57.000Z,"Daily Political
@dailypoliticaln
·
Oct 4, 2018Insider Selling: Newmont Mining Corp $NEM COO Sells 1,250 Shares of Stock http://dailypolitical.com/?p=2401897",,,
Ticker Report,@TickerReport,2018-10-04T00:30:05.000Z,"Ticker Report
@TickerReport
·
Oct 4, 2018Thomas Ronald Palmer Sells 1,250 Shares of Newmont Mining Corp $NEM Stock http://tickerreport.com/?p=3834434",,,
The Markets Daily,@TheMarketsDaily,2018-10-04T00:19:13.000Z,"The Markets Daily
@TheMarketsDaily
·
Oct 4, 2018Elaine J. Dorward-King Sells 3,000 Shares of Newmont Mining Corp $NEM Stock http://zpr.io/6wkaq",,,
Dakota Financial,@dakotafinancial,2018-10-04T00:15:23.000Z,"Dakota Financial
@dakotafinancial
·
Oct 4, 2018Gary J. Goldberg Sells 4,000 Shares of Newmont Mining Corp $NEM Stock http://dakotafinancialnews.com/?p=519629",,,
Newmont Corporation,@NewmontCorp,2018-10-01T19:44:25.000Z,"Newmont Corporation
@NewmontCorp
·
Oct 1, 2018Scott Miller points to strength in numbers talking about Newmont’s approach to biodiversity management. #MiningWithPrinciples
1
8",,1,8
The Lincolnian,@ThisLincolnian,2018-10-01T19:03:44.000Z,"The Lincolnian
@ThisLincolnian
·
Oct 1, 2018Newmont Mining Corp $NEM Receives $42.55 Consensus Target Price from Analysts http://thelincolnianonline.com/?p=2377352",,,
Newmont Corporation,@NewmontCorp,2018-10-01T18:40:13.000Z,"Newmont Corporation
@NewmontCorp
·
Oct 1, 2018RT 
@MiningReview
 ""Redeployable #solar tracker installed at Newmont’s #Akyem operation in #Ghana 
@Newmont_Mining
  "" http://ow.ly/De9R30lLZE9
2",,,2
Newmont Corporation,@NewmontCorp,2018-10-01T17:57:32.000Z,"Newmont Corporation
@NewmontCorp
·
Oct 1, 2018Replying to 
@geologyjomiles
Glad you enjoyed the tour and thanks for sharing your experience!
1",,,1
The Casual Smart,@The_CasualSmart,2018-10-01T13:14:18.000Z,"The Casual Smart
@The_CasualSmart
·
Oct 1, 2018Newmont Mining Corp $NEM Market Value Declined While Van Eck Associates Corp Has Decreased Position by $90.33 Million https://cardinalweekly.com/newmont-mining-corp-nem-market-value-declined-while-van-eck-associates-corp-has-decreased-position-by-90-33-million/…",,,
REurope,@reurope_stock,2018-10-01T13:12:49.000Z,"REurope
@reurope_stock
·
Oct 1, 2018Van Eck Associates Corp Trimmed Its Newmont Mining Corp $NEM Position by $90.33 Million; Stock Value Declined http://reurope.com/2018/10/01/van-eck-associates-corp-trimmed-its-newmont-mining-corp-nem-position-by-90-33-million-stock-value-declined/…",,,
MarketBeat,@MarketBeatCom,2018-10-01T10:39:16.000Z,"MarketBeat
@MarketBeatCom
·
Oct 1, 2018Newmont Mining Corp $NEM Position Raised by United Services Automobile Association https://ift.tt/2y3s6Br",,,
Dakota Financial,@dakotafinancial,2018-09-30T19:55:59.000Z,"Dakota Financial
@dakotafinancial
·
Sep 30, 2018$0.29 EPS Expected for Newmont Mining Corp $NEM This Quarter http://dakotafinancialnews.com/?p=514346",,,
The Markets Daily,@TheMarketsDaily,2018-09-30T19:54:49.000Z,"The Markets Daily
@TheMarketsDaily
·
Sep 30, 2018Newmont Mining Corp $NEM Expected to Post Quarterly Sales of $1.84 Billion http://zpr.io/6wnnG",,,
Storm Investor,@storminvestor,2018-09-30T19:52:46.000Z,"Storm Investor
@storminvestor
·
Sep 30, 2018Analysts Anticipate Newmont Mining Corp $NEM Will Post Quarterly Sales of $1.84 Billion  http://thestockobserver.com/?p=1614146 #markets",,,
The Casual Smart,@The_CasualSmart,2018-09-30T19:25:09.000Z,"The Casual Smart
@The_CasualSmart
·
Sep 30, 2018Newmont Mining Corp $NEM Stock Declined While Carmignac Gestion Trimmed Its Holding https://cardinalweekly.com/newmont-mining-corp-nem-stock-declined-while-carmignac-gestion-trimmed-its-holding/…",,,
Newmont Corporation,@NewmontCorp,2018-09-30T13:35:07.000Z,"Newmont Corporation
@NewmontCorp
·
Sep 30, 2018Meet Fatimah Emahi, one of Newmont’s employees making a difference by #MiningWithPurpose
5
18",,5,18
